title,company,location,link
Python Developer (Remote),Finsera,No office location,https://stackoverflow.com/jobs/524065
Backend Engineering Manager (Python) - Spekit - High Growth Series A Startup,SpekitviaSource Coders,No office location,https://stackoverflow.com/jobs/566634
Software Developer (Python),Picnic,"Amsterdam, Netherlands",https://stackoverflow.com/jobs/292346
Python Software Engineer,Captivation Software,"Fort Meade, MD",https://stackoverflow.com/jobs/525426
Python Developer suchen Kollegen (m/w/d),solute GmbH,"Karlsruhe, Deutschland",https://stackoverflow.com/jobs/284443
Backend Software Engineer - Python,Hubs,"Amsterdam, Netherlands",https://stackoverflow.com/jobs/543394
Python Data Engineer,Tech City Labs,"Reading, UK",https://stackoverflow.com/jobs/566099
"Senior Software Engineer, Python",Chaturbate,"San Francisco, CA",https://stackoverflow.com/jobs/566183
Senior Backend Engineer (Python/Django) (m/f/d),Motius GmbH,"Belgrad, Serbien",https://stackoverflow.com/jobs/566601
Python Engineer,McD Tech Labs,"Mountain View, CA",https://stackoverflow.com/jobs/534766
Python Developer (Remote),X-Team,No office location,https://stackoverflow.com/jobs/534454
Python/Django Developer (m/f/d),social sweethearts® GmbH,No office location,https://stackoverflow.com/jobs/566797
Python Software Engineer - International growing scale-up!,Channable,"Utrecht, Netherlands",https://stackoverflow.com/jobs/265091
Fullstack Engineer II (Python/Django/React),StyleSeat,No office location,https://stackoverflow.com/jobs/554278
Python Entwickler*in Remote (f/m/d),Ambient,"Köln, Deutschland",https://stackoverflow.com/jobs/493874
"Tech Lead, Python Systems Engineering",McD Tech Labs,"Mountain View, CA",https://stackoverflow.com/jobs/523801
Python/Django Developer (m/f/d) - Remote,social sweethearts® GmbH,No office location,https://stackoverflow.com/jobs/566798
Python Engineer for Climate Change - Budapest,MSCI,"Budapest, Hungary",https://stackoverflow.com/jobs/566493
Sr. Full Stack Engineer- Python,AutoTrader,"Toronto, ON, Canada",https://stackoverflow.com/jobs/529021
Senior Software Developer Python (m/f/d),Ströer Online Marketing,"Hamburg, Deutschland",https://stackoverflow.com/jobs/462625
Python Engineer,Intel Corporation,"Gdańsk, Poland",https://stackoverflow.com/jobs/529943
"Full Stack Developer - Python, Postgres, Vue.js / React (m/f/d)",JobNinja GmbH,"München, Deutschland",https://stackoverflow.com/jobs/566788
"Data Engineer (Python, ETL)",Finsera,No office location,https://stackoverflow.com/jobs/536631
Senior Full Stack Engineer (Python/JavaScript),Night Market,No office location,https://stackoverflow.com/jobs/566448
Python-Entwickler (w/m/d),parcIT GmbH,"Köln, Germany",https://stackoverflow.com/jobs/566326
Software Developer (Python),Picnic,"Amsterdam, Netherlands",https://stackoverflow.com/jobs/292346
Backend Engineering Manager (Python) - Spekit - High Growth Series A Startup,SpekitviaSource Coders,No office location,https://stackoverflow.com/jobs/566634
Python Software Engineer,Captivation Software,"Fort Meade, MD",https://stackoverflow.com/jobs/525426
Python Developer suchen Kollegen (m/w/d),solute GmbH,"Karlsruhe, Deutschland",https://stackoverflow.com/jobs/284443
Backend Software Engineer - Python,Hubs,"Amsterdam, Netherlands",https://stackoverflow.com/jobs/543394
Python Data Engineer,Tech City Labs,"Reading, UK",https://stackoverflow.com/jobs/566099
"Senior Software Engineer, Python",Chaturbate,"San Francisco, CA",https://stackoverflow.com/jobs/566183
Python Engineer,McD Tech Labs,"Mountain View, CA",https://stackoverflow.com/jobs/534766
Senior Backend Engineer (Python/Django) (m/f/d),Motius GmbH,"Belgrad, Serbien",https://stackoverflow.com/jobs/566601
Fullstack Engineer II (Python/Django/React),StyleSeat,No office location,https://stackoverflow.com/jobs/554278
Python/Django Developer (m/f/d),social sweethearts® GmbH,No office location,https://stackoverflow.com/jobs/566797
Python Entwickler*in Remote (f/m/d),Ambient,"Köln, Deutschland",https://stackoverflow.com/jobs/493874
Python Software Engineer - International growing scale-up!,Channable,"Utrecht, Netherlands",https://stackoverflow.com/jobs/265091
Python Engineer for Climate Change - Budapest,MSCI,"Budapest, Hungary",https://stackoverflow.com/jobs/566493
Python Developer (Remote),X-Team,No office location,https://stackoverflow.com/jobs/534454
"Tech Lead, Python Systems Engineering",McD Tech Labs,"Mountain View, CA",https://stackoverflow.com/jobs/523801
Python/Django Developer (m/f/d) - Remote,social sweethearts® GmbH,No office location,https://stackoverflow.com/jobs/566798
Python Developer (Remote),Finsera,No office location,https://stackoverflow.com/jobs/524065
Senior Software Developer Python (m/f/d),Ströer Online Marketing,"Hamburg, Deutschland",https://stackoverflow.com/jobs/462625
Sr. Full Stack Engineer- Python,AutoTrader,"Toronto, ON, Canada",https://stackoverflow.com/jobs/529021
Python Engineer,Intel Corporation,"Gdańsk, Poland",https://stackoverflow.com/jobs/529943
"Full Stack Developer - Python, Postgres, Vue.js / React (m/f/d)",JobNinja GmbH,"München, Deutschland",https://stackoverflow.com/jobs/566788
Python-Entwickler (w/m/d),parcIT GmbH,"Köln, Germany",https://stackoverflow.com/jobs/566326
"Data Engineer (Python, ETL)",Finsera,No office location,https://stackoverflow.com/jobs/536631
Software Engineer (Python AWS),Wizeline,"Phường 12 (Quận 10), Vietnam",https://stackoverflow.com/jobs/487852
Python/Django Developer (m/f/d) - Remote,social sweethearts® GmbH,No office location,https://stackoverflow.com/jobs/566798
Backend Engineering Manager (Python) - Spekit - High Growth Series A Startup,SpekitviaSource Coders,No office location,https://stackoverflow.com/jobs/566634
Python Software Engineer,Captivation Software,"Fort Meade, MD",https://stackoverflow.com/jobs/525426
Software Developer (Python),Picnic,"Amsterdam, Netherlands",https://stackoverflow.com/jobs/292346
Python Developer suchen Kollegen (m/w/d),solute GmbH,"Karlsruhe, Deutschland",https://stackoverflow.com/jobs/284443
Backend Software Engineer - Python,Hubs,"Amsterdam, Netherlands",https://stackoverflow.com/jobs/543394
Python Data Engineer,Tech City Labs,"Reading, UK",https://stackoverflow.com/jobs/566099
"Senior Software Engineer, Python",Chaturbate,"San Francisco, CA",https://stackoverflow.com/jobs/566183
Python Engineer,McD Tech Labs,"Mountain View, CA",https://stackoverflow.com/jobs/534766
Senior Backend Engineer (Python/Django) (m/f/d),Motius GmbH,"Belgrad, Serbien",https://stackoverflow.com/jobs/566601
Python/Django Developer (m/f/d),social sweethearts® GmbH,No office location,https://stackoverflow.com/jobs/566797
Fullstack Engineer II (Python/Django/React),StyleSeat,No office location,https://stackoverflow.com/jobs/554278
Python Entwickler*in Remote (f/m/d),Ambient,"Köln, Deutschland",https://stackoverflow.com/jobs/493874
Python Software Engineer - International growing scale-up!,Channable,"Utrecht, Netherlands",https://stackoverflow.com/jobs/265091
Python Engineer for Climate Change - Budapest,MSCI,"Budapest, Hungary",https://stackoverflow.com/jobs/566493
Python Developer (Remote),X-Team,No office location,https://stackoverflow.com/jobs/534454
"Tech Lead, Python Systems Engineering",McD Tech Labs,"Mountain View, CA",https://stackoverflow.com/jobs/523801
Python Developer (Remote),Finsera,No office location,https://stackoverflow.com/jobs/524065
Senior Software Developer Python (m/f/d),Ströer Online Marketing,"Hamburg, Deutschland",https://stackoverflow.com/jobs/462625
Sr. Full Stack Engineer- Python,AutoTrader,"Toronto, ON, Canada",https://stackoverflow.com/jobs/529021
Python Engineer,Intel Corporation,"Gdańsk, Poland",https://stackoverflow.com/jobs/529943
"Full Stack Developer - Python, Postgres, Vue.js / React (m/f/d)",JobNinja GmbH,"München, Deutschland",https://stackoverflow.com/jobs/566788
Python-Entwickler (w/m/d),parcIT GmbH,"Köln, Germany",https://stackoverflow.com/jobs/566326
"Data Engineer (Python, ETL)",Finsera,No office location,https://stackoverflow.com/jobs/536631
Software Engineer (Python AWS),Wizeline,"Phường 12 (Quận 10), Vietnam",https://stackoverflow.com/jobs/487852
Senior Backend Engineer (Python/Django) (m/f/d),Motius GmbH,"Belgrad, Serbien",https://stackoverflow.com/jobs/566601
Backend Engineering Manager (Python) - Spekit - High Growth Series A Startup,SpekitviaSource Coders,No office location,https://stackoverflow.com/jobs/566634
Software Developer (Python),Picnic,"Amsterdam, Netherlands",https://stackoverflow.com/jobs/292346
Python Software Engineer,Captivation Software,"Fort Meade, MD",https://stackoverflow.com/jobs/525426
Python Developer suchen Kollegen (m/w/d),solute GmbH,"Karlsruhe, Deutschland",https://stackoverflow.com/jobs/284443
Backend Software Engineer - Python,Hubs,"Amsterdam, Netherlands",https://stackoverflow.com/jobs/543394
Python Data Engineer,Tech City Labs,"Reading, UK",https://stackoverflow.com/jobs/566099
"Senior Software Engineer, Python",Chaturbate,"San Francisco, CA",https://stackoverflow.com/jobs/566183
Python Engineer,McD Tech Labs,"Mountain View, CA",https://stackoverflow.com/jobs/534766
Python/Django Developer (m/f/d),social sweethearts® GmbH,No office location,https://stackoverflow.com/jobs/566797
Fullstack Engineer II (Python/Django/React),StyleSeat,No office location,https://stackoverflow.com/jobs/554278
Python Entwickler*in Remote (f/m/d),Ambient,"Köln, Deutschland",https://stackoverflow.com/jobs/493874
Python Software Engineer - International growing scale-up!,Channable,"Utrecht, Netherlands",https://stackoverflow.com/jobs/265091
Python Engineer for Climate Change - Budapest,MSCI,"Budapest, Hungary",https://stackoverflow.com/jobs/566493
Python Developer (Remote),X-Team,No office location,https://stackoverflow.com/jobs/534454
"Tech Lead, Python Systems Engineering",McD Tech Labs,"Mountain View, CA",https://stackoverflow.com/jobs/523801
Python/Django Developer (m/f/d) - Remote,social sweethearts® GmbH,No office location,https://stackoverflow.com/jobs/566798
Python Developer (Remote),Finsera,No office location,https://stackoverflow.com/jobs/524065
Senior Software Developer Python (m/f/d),Ströer Online Marketing,"Hamburg, Deutschland",https://stackoverflow.com/jobs/462625
Sr. Full Stack Engineer- Python,AutoTrader,"Toronto, ON, Canada",https://stackoverflow.com/jobs/529021
Python Engineer,Intel Corporation,"Gdańsk, Poland",https://stackoverflow.com/jobs/529943
"Full Stack Developer - Python, Postgres, Vue.js / React (m/f/d)",JobNinja GmbH,"München, Deutschland",https://stackoverflow.com/jobs/566788
Python-Entwickler (w/m/d),parcIT GmbH,"Köln, Germany",https://stackoverflow.com/jobs/566326
"Data Engineer (Python, ETL)",Finsera,No office location,https://stackoverflow.com/jobs/536631
Software Engineer (Python AWS),Wizeline,"Phường 12 (Quận 10), Vietnam",https://stackoverflow.com/jobs/487852
Software Developer (Python),Picnic,"Amsterdam, Netherlands",https://stackoverflow.com/jobs/292346
Backend Engineering Manager (Python) - Spekit - High Growth Series A Startup,SpekitviaSource Coders,No office location,https://stackoverflow.com/jobs/566634
Python Software Engineer,Captivation Software,"Fort Meade, MD",https://stackoverflow.com/jobs/525426
Python Developer suchen Kollegen (m/w/d),solute GmbH,"Karlsruhe, Deutschland",https://stackoverflow.com/jobs/284443
Backend Software Engineer - Python,Hubs,"Amsterdam, Netherlands",https://stackoverflow.com/jobs/543394
Python Data Engineer,Tech City Labs,"Reading, UK",https://stackoverflow.com/jobs/566099
"Senior Software Engineer, Python",Chaturbate,"San Francisco, CA",https://stackoverflow.com/jobs/566183
Python Engineer,McD Tech Labs,"Mountain View, CA",https://stackoverflow.com/jobs/534766
Senior Backend Engineer (Python/Django) (m/f/d),Motius GmbH,"Belgrad, Serbien",https://stackoverflow.com/jobs/566601
Fullstack Engineer II (Python/Django/React),StyleSeat,No office location,https://stackoverflow.com/jobs/554278
Python/Django Developer (m/f/d),social sweethearts® GmbH,No office location,https://stackoverflow.com/jobs/566797
Python Entwickler*in Remote (f/m/d),Ambient,"Köln, Deutschland",https://stackoverflow.com/jobs/493874
Python Software Engineer - International growing scale-up!,Channable,"Utrecht, Netherlands",https://stackoverflow.com/jobs/265091
Python Engineer for Climate Change - Budapest,MSCI,"Budapest, Hungary",https://stackoverflow.com/jobs/566493
Python Developer (Remote),X-Team,No office location,https://stackoverflow.com/jobs/534454
"Tech Lead, Python Systems Engineering",McD Tech Labs,"Mountain View, CA",https://stackoverflow.com/jobs/523801
Python/Django Developer (m/f/d) - Remote,social sweethearts® GmbH,No office location,https://stackoverflow.com/jobs/566798
Python Developer (Remote),Finsera,No office location,https://stackoverflow.com/jobs/524065
Senior Software Developer Python (m/f/d),Ströer Online Marketing,"Hamburg, Deutschland",https://stackoverflow.com/jobs/462625
Sr. Full Stack Engineer- Python,AutoTrader,"Toronto, ON, Canada",https://stackoverflow.com/jobs/529021
Python Engineer,Intel Corporation,"Gdańsk, Poland",https://stackoverflow.com/jobs/529943
"Full Stack Developer - Python, Postgres, Vue.js / React (m/f/d)",JobNinja GmbH,"München, Deutschland",https://stackoverflow.com/jobs/566788
Python-Entwickler (w/m/d),parcIT GmbH,"Köln, Germany",https://stackoverflow.com/jobs/566326
"Data Engineer (Python, ETL)",Finsera,No office location,https://stackoverflow.com/jobs/536631
Software Engineer (Python AWS),Wizeline,"Phường 12 (Quận 10), Vietnam",https://stackoverflow.com/jobs/487852
Python/Django Developer (m/f/d) - Remote,social sweethearts® GmbH,No office location,https://stackoverflow.com/jobs/566798
Backend Engineering Manager (Python) - Spekit - High Growth Series A Startup,SpekitviaSource Coders,No office location,https://stackoverflow.com/jobs/566634
Python Software Engineer,Captivation Software,"Fort Meade, MD",https://stackoverflow.com/jobs/525426
Software Developer (Python),Picnic,"Amsterdam, Netherlands",https://stackoverflow.com/jobs/292346
Python Developer suchen Kollegen (m/w/d),solute GmbH,"Karlsruhe, Deutschland",https://stackoverflow.com/jobs/284443
Backend Software Engineer - Python,Hubs,"Amsterdam, Netherlands",https://stackoverflow.com/jobs/543394
Python Data Engineer,Tech City Labs,"Reading, UK",https://stackoverflow.com/jobs/566099
"Senior Software Engineer, Python",Chaturbate,"San Francisco, CA",https://stackoverflow.com/jobs/566183
Senior Backend Engineer (Python/Django) (m/f/d),Motius GmbH,"Belgrad, Serbien",https://stackoverflow.com/jobs/566601
Python Engineer,McD Tech Labs,"Mountain View, CA",https://stackoverflow.com/jobs/534766
Python/Django Developer (m/f/d),social sweethearts® GmbH,No office location,https://stackoverflow.com/jobs/566797
Fullstack Engineer II (Python/Django/React),StyleSeat,No office location,https://stackoverflow.com/jobs/554278
Python Software Engineer - International growing scale-up!,Channable,"Utrecht, Netherlands",https://stackoverflow.com/jobs/265091
Python Entwickler*in Remote (f/m/d),Ambient,"Köln, Deutschland",https://stackoverflow.com/jobs/493874
Python Developer (Remote),X-Team,No office location,https://stackoverflow.com/jobs/534454
Python Engineer for Climate Change - Budapest,MSCI,"Budapest, Hungary",https://stackoverflow.com/jobs/566493
"Tech Lead, Python Systems Engineering",McD Tech Labs,"Mountain View, CA",https://stackoverflow.com/jobs/523801
Python Developer (Remote),Finsera,No office location,https://stackoverflow.com/jobs/524065
Senior Software Developer Python (m/f/d),Ströer Online Marketing,"Hamburg, Deutschland",https://stackoverflow.com/jobs/462625
Sr. Full Stack Engineer- Python,AutoTrader,"Toronto, ON, Canada",https://stackoverflow.com/jobs/529021
Python Engineer,Intel Corporation,"Gdańsk, Poland",https://stackoverflow.com/jobs/529943
"Full Stack Developer - Python, Postgres, Vue.js / React (m/f/d)",JobNinja GmbH,"München, Deutschland",https://stackoverflow.com/jobs/566788
Python-Entwickler (w/m/d),parcIT GmbH,"Köln, Germany",https://stackoverflow.com/jobs/566326
"Data Engineer (Python, ETL)",Finsera,No office location,https://stackoverflow.com/jobs/536631
Software Engineer (Python AWS),Wizeline,"Phường 12 (Quận 10), Vietnam",https://stackoverflow.com/jobs/487852
Python/Django Developer (m/f/d) - Remote,social sweethearts® GmbH,No office location,https://stackoverflow.com/jobs/566798
Backend Engineering Manager (Python) - Spekit - High Growth Series A Startup,SpekitviaSource Coders,No office location,https://stackoverflow.com/jobs/566634
Python Software Engineer,Captivation Software,"Fort Meade, MD",https://stackoverflow.com/jobs/525426
Software Developer (Python),Picnic,"Amsterdam, Netherlands",https://stackoverflow.com/jobs/292346
Python Developer suchen Kollegen (m/w/d),solute GmbH,"Karlsruhe, Deutschland",https://stackoverflow.com/jobs/284443
Backend Software Engineer - Python,Hubs,"Amsterdam, Netherlands",https://stackoverflow.com/jobs/543394
Python Data Engineer,Tech City Labs,"Reading, UK",https://stackoverflow.com/jobs/566099
"Senior Software Engineer, Python",Chaturbate,"San Francisco, CA",https://stackoverflow.com/jobs/566183
Python Engineer,McD Tech Labs,"Mountain View, CA",https://stackoverflow.com/jobs/534766
Senior Backend Engineer (Python/Django) (m/f/d),Motius GmbH,"Belgrad, Serbien",https://stackoverflow.com/jobs/566601
Python/Django Developer (m/f/d),social sweethearts® GmbH,No office location,https://stackoverflow.com/jobs/566797
Fullstack Engineer II (Python/Django/React),StyleSeat,No office location,https://stackoverflow.com/jobs/554278
Python Entwickler*in Remote (f/m/d),Ambient,"Köln, Deutschland",https://stackoverflow.com/jobs/493874
Python Software Engineer - International growing scale-up!,Channable,"Utrecht, Netherlands",https://stackoverflow.com/jobs/265091
Python Engineer for Climate Change - Budapest,MSCI,"Budapest, Hungary",https://stackoverflow.com/jobs/566493
Python Developer (Remote),X-Team,No office location,https://stackoverflow.com/jobs/534454
"Tech Lead, Python Systems Engineering",McD Tech Labs,"Mountain View, CA",https://stackoverflow.com/jobs/523801
Python Developer (Remote),Finsera,No office location,https://stackoverflow.com/jobs/524065
Senior Software Developer Python (m/f/d),Ströer Online Marketing,"Hamburg, Deutschland",https://stackoverflow.com/jobs/462625
Sr. Full Stack Engineer- Python,AutoTrader,"Toronto, ON, Canada",https://stackoverflow.com/jobs/529021
Python Engineer,Intel Corporation,"Gdańsk, Poland",https://stackoverflow.com/jobs/529943
"Full Stack Developer - Python, Postgres, Vue.js / React (m/f/d)",JobNinja GmbH,"München, Deutschland",https://stackoverflow.com/jobs/566788
Python-Entwickler (w/m/d),parcIT GmbH,"Köln, Germany",https://stackoverflow.com/jobs/566326
"Data Engineer (Python, ETL)",Finsera,No office location,https://stackoverflow.com/jobs/536631
Software Engineer (Python AWS),Wizeline,"Phường 12 (Quận 10), Vietnam",https://stackoverflow.com/jobs/487852
"Senior Software Engineer, Python",Chaturbate,"San Francisco, CA",https://stackoverflow.com/jobs/566183
Backend Engineering Manager (Python) - Spekit - High Growth Series A Startup,SpekitviaSource Coders,No office location,https://stackoverflow.com/jobs/566634
Software Developer (Python),Picnic,"Amsterdam, Netherlands",https://stackoverflow.com/jobs/292346
Python Developer suchen Kollegen (m/w/d),solute GmbH,"Karlsruhe, Deutschland",https://stackoverflow.com/jobs/284443
Python Software Engineer,Captivation Software,"Fort Meade, MD",https://stackoverflow.com/jobs/525426
Backend Software Engineer - Python,Hubs,"Amsterdam, Netherlands",https://stackoverflow.com/jobs/543394
Python Data Engineer,Tech City Labs,"Reading, UK",https://stackoverflow.com/jobs/566099
Python Engineer,McD Tech Labs,"Mountain View, CA",https://stackoverflow.com/jobs/534766
Senior Backend Engineer (Python/Django) (m/f/d),Motius GmbH,"Belgrad, Serbien",https://stackoverflow.com/jobs/566601
Fullstack Engineer II (Python/Django/React),StyleSeat,No office location,https://stackoverflow.com/jobs/554278
Python/Django Developer (m/f/d),social sweethearts® GmbH,No office location,https://stackoverflow.com/jobs/566797
Python Entwickler*in Remote (f/m/d),Ambient,"Köln, Deutschland",https://stackoverflow.com/jobs/493874
Python Software Engineer - International growing scale-up!,Channable,"Utrecht, Netherlands",https://stackoverflow.com/jobs/265091
Python Developer (Remote),Finsera,No office location,https://stackoverflow.com/jobs/524065
Python Engineer for Climate Change - Budapest,MSCI,"Budapest, Hungary",https://stackoverflow.com/jobs/566493
Python Developer (Remote),X-Team,No office location,https://stackoverflow.com/jobs/534454
"Tech Lead, Python Systems Engineering",McD Tech Labs,"Mountain View, CA",https://stackoverflow.com/jobs/523801
Python/Django Developer (m/f/d) - Remote,social sweethearts® GmbH,No office location,https://stackoverflow.com/jobs/566798
Sr. Full Stack Engineer- Python,AutoTrader,"Toronto, ON, Canada",https://stackoverflow.com/jobs/529021
Senior Software Developer Python (m/f/d),Ströer Online Marketing,"Hamburg, Deutschland",https://stackoverflow.com/jobs/462625
Python Engineer,Intel Corporation,"Gdańsk, Poland",https://stackoverflow.com/jobs/529943
"Full Stack Developer - Python, Postgres, Vue.js / React (m/f/d)",JobNinja GmbH,"München, Deutschland",https://stackoverflow.com/jobs/566788
"Data Engineer (Python, ETL)",Finsera,No office location,https://stackoverflow.com/jobs/536631
Python-Entwickler (w/m/d),parcIT GmbH,"Köln, Germany",https://stackoverflow.com/jobs/566326
Software Engineer (Python AWS),Wizeline,"Phường 12 (Quận 10), Vietnam",https://stackoverflow.com/jobs/487852
Python Software Engineer - International growing scale-up!,Channable,"Utrecht, Netherlands",https://stackoverflow.com/jobs/265091
Backend Engineering Manager (Python) - Spekit - High Growth Series A Startup,SpekitviaSource Coders,No office location,https://stackoverflow.com/jobs/566634
Software Developer (Python),Picnic,"Amsterdam, Netherlands",https://stackoverflow.com/jobs/292346
Python Software Engineer,Captivation Software,"Fort Meade, MD",https://stackoverflow.com/jobs/525426
Python Developer suchen Kollegen (m/w/d),solute GmbH,"Karlsruhe, Deutschland",https://stackoverflow.com/jobs/284443
Backend Software Engineer - Python,Hubs,"Amsterdam, Netherlands",https://stackoverflow.com/jobs/543394
Python Data Engineer,Tech City Labs,"Reading, UK",https://stackoverflow.com/jobs/566099
"Senior Software Engineer, Python",Chaturbate,"San Francisco, CA",https://stackoverflow.com/jobs/566183
Senior Backend Engineer (Python/Django) (m/f/d),Motius GmbH,"Belgrad, Serbien",https://stackoverflow.com/jobs/566601
Python Engineer,McD Tech Labs,"Mountain View, CA",https://stackoverflow.com/jobs/534766
Python/Django Developer (m/f/d),social sweethearts® GmbH,No office location,https://stackoverflow.com/jobs/566797
Fullstack Engineer II (Python/Django/React),StyleSeat,No office location,https://stackoverflow.com/jobs/554278
Python Entwickler*in Remote (f/m/d),Ambient,"Köln, Deutschland",https://stackoverflow.com/jobs/493874
Python Developer (Remote),Finsera,No office location,https://stackoverflow.com/jobs/524065
Python Engineer for Climate Change - Budapest,MSCI,"Budapest, Hungary",https://stackoverflow.com/jobs/566493
Python Developer (Remote),X-Team,No office location,https://stackoverflow.com/jobs/534454
"Tech Lead, Python Systems Engineering",McD Tech Labs,"Mountain View, CA",https://stackoverflow.com/jobs/523801
Python/Django Developer (m/f/d) - Remote,social sweethearts® GmbH,No office location,https://stackoverflow.com/jobs/566798
Sr. Full Stack Engineer- Python,AutoTrader,"Toronto, ON, Canada",https://stackoverflow.com/jobs/529021
Senior Software Developer Python (m/f/d),Ströer Online Marketing,"Hamburg, Deutschland",https://stackoverflow.com/jobs/462625
Python Engineer,Intel Corporation,"Gdańsk, Poland",https://stackoverflow.com/jobs/529943
"Full Stack Developer - Python, Postgres, Vue.js / React (m/f/d)",JobNinja GmbH,"München, Deutschland",https://stackoverflow.com/jobs/566788
"Data Engineer (Python, ETL)",Finsera,No office location,https://stackoverflow.com/jobs/536631
Python-Entwickler (w/m/d),parcIT GmbH,"Köln, Germany",https://stackoverflow.com/jobs/566326
Software Engineer (Python AWS),Wizeline,"Phường 12 (Quận 10), Vietnam",https://stackoverflow.com/jobs/487852
"Senior Software Engineer, Python",Chaturbate,"San Francisco, CA",https://stackoverflow.com/jobs/566183
Backend Engineering Manager (Python) - Spekit - High Growth Series A Startup,SpekitviaSource Coders,No office location,https://stackoverflow.com/jobs/566634
Software Developer (Python),Picnic,"Amsterdam, Netherlands",https://stackoverflow.com/jobs/292346
Python Developer suchen Kollegen (m/w/d),solute GmbH,"Karlsruhe, Deutschland",https://stackoverflow.com/jobs/284443
Python Software Engineer,Captivation Software,"Fort Meade, MD",https://stackoverflow.com/jobs/525426
Backend Software Engineer - Python,Hubs,"Amsterdam, Netherlands",https://stackoverflow.com/jobs/543394
Python Data Engineer,Tech City Labs,"Reading, UK",https://stackoverflow.com/jobs/566099
Python Engineer,McD Tech Labs,"Mountain View, CA",https://stackoverflow.com/jobs/534766
Senior Backend Engineer (Python/Django) (m/f/d),Motius GmbH,"Belgrad, Serbien",https://stackoverflow.com/jobs/566601
Fullstack Engineer II (Python/Django/React),StyleSeat,No office location,https://stackoverflow.com/jobs/554278
Python Developer (Remote),X-Team,No office location,https://stackoverflow.com/jobs/534454
Python/Django Developer (m/f/d),social sweethearts® GmbH,No office location,https://stackoverflow.com/jobs/566797
Python Software Engineer - International growing scale-up!,Channable,"Utrecht, Netherlands",https://stackoverflow.com/jobs/265091
Python Entwickler*in Remote (f/m/d),Ambient,"Köln, Deutschland",https://stackoverflow.com/jobs/493874
Python Engineer for Climate Change - Budapest,MSCI,"Budapest, Hungary",https://stackoverflow.com/jobs/566493
"Tech Lead, Python Systems Engineering",McD Tech Labs,"Mountain View, CA",https://stackoverflow.com/jobs/523801
Python/Django Developer (m/f/d) - Remote,social sweethearts® GmbH,No office location,https://stackoverflow.com/jobs/566798
Python Developer (Remote),Finsera,No office location,https://stackoverflow.com/jobs/524065
Senior Software Developer Python (m/f/d),Ströer Online Marketing,"Hamburg, Deutschland",https://stackoverflow.com/jobs/462625
Sr. Full Stack Engineer- Python,AutoTrader,"Toronto, ON, Canada",https://stackoverflow.com/jobs/529021
Python Engineer,Intel Corporation,"Gdańsk, Poland",https://stackoverflow.com/jobs/529943
"Full Stack Developer - Python, Postgres, Vue.js / React (m/f/d)",JobNinja GmbH,"München, Deutschland",https://stackoverflow.com/jobs/566788
Senior Full Stack Engineer (Python/JavaScript),Night Market,No office location,https://stackoverflow.com/jobs/566448
Python-Entwickler (w/m/d),parcIT GmbH,"Köln, Germany",https://stackoverflow.com/jobs/566326
"Data Engineer (Python, ETL)",Finsera,No office location,https://stackoverflow.com/jobs/536631
Python/Django Developer (m/f/d) - Remote,social sweethearts® GmbH,No office location,https://stackoverflow.com/jobs/566798
Backend Engineering Manager (Python) - Spekit - High Growth Series A Startup,SpekitviaSource Coders,No office location,https://stackoverflow.com/jobs/566634
Python Software Engineer,Captivation Software,"Fort Meade, MD",https://stackoverflow.com/jobs/525426
Software Developer (Python),Picnic,"Amsterdam, Netherlands",https://stackoverflow.com/jobs/292346
Python Developer suchen Kollegen (m/w/d),solute GmbH,"Karlsruhe, Deutschland",https://stackoverflow.com/jobs/284443
Backend Software Engineer - Python,Hubs,"Amsterdam, Netherlands",https://stackoverflow.com/jobs/543394
Python Data Engineer,Tech City Labs,"Reading, UK",https://stackoverflow.com/jobs/566099
"Senior Software Engineer, Python",Chaturbate,"San Francisco, CA",https://stackoverflow.com/jobs/566183
Python Engineer,McD Tech Labs,"Mountain View, CA",https://stackoverflow.com/jobs/534766
Senior Backend Engineer (Python/Django) (m/f/d),Motius GmbH,"Belgrad, Serbien",https://stackoverflow.com/jobs/566601
Python/Django Developer (m/f/d),social sweethearts® GmbH,No office location,https://stackoverflow.com/jobs/566797
Fullstack Engineer II (Python/Django/React),StyleSeat,No office location,https://stackoverflow.com/jobs/554278
Python Entwickler*in Remote (f/m/d),Ambient,"Köln, Deutschland",https://stackoverflow.com/jobs/493874
Python Software Engineer - International growing scale-up!,Channable,"Utrecht, Netherlands",https://stackoverflow.com/jobs/265091
Python Engineer for Climate Change - Budapest,MSCI,"Budapest, Hungary",https://stackoverflow.com/jobs/566493
Python Developer (Remote),X-Team,No office location,https://stackoverflow.com/jobs/534454
"Tech Lead, Python Systems Engineering",McD Tech Labs,"Mountain View, CA",https://stackoverflow.com/jobs/523801
Python Developer (Remote),Finsera,No office location,https://stackoverflow.com/jobs/524065
Senior Software Developer Python (m/f/d),Ströer Online Marketing,"Hamburg, Deutschland",https://stackoverflow.com/jobs/462625
Sr. Full Stack Engineer- Python,AutoTrader,"Toronto, ON, Canada",https://stackoverflow.com/jobs/529021
Python Engineer,Intel Corporation,"Gdańsk, Poland",https://stackoverflow.com/jobs/529943
"Full Stack Developer - Python, Postgres, Vue.js / React (m/f/d)",JobNinja GmbH,"München, Deutschland",https://stackoverflow.com/jobs/566788
Python-Entwickler (w/m/d),parcIT GmbH,"Köln, Germany",https://stackoverflow.com/jobs/566326
"Data Engineer (Python, ETL)",Finsera,No office location,https://stackoverflow.com/jobs/536631
Software Engineer (Python AWS),Wizeline,"Phường 12 (Quận 10), Vietnam",https://stackoverflow.com/jobs/487852
Python Developer (Remote),Finsera,No office location,https://stackoverflow.com/jobs/524065
Backend Engineering Manager (Python) - Spekit - High Growth Series A Startup,SpekitviaSource Coders,No office location,https://stackoverflow.com/jobs/566634
Python Software Engineer,Captivation Software,"Fort Meade, MD",https://stackoverflow.com/jobs/525426
Software Developer (Python),Picnic,"Amsterdam, Netherlands",https://stackoverflow.com/jobs/292346
Python Developer suchen Kollegen (m/w/d),solute GmbH,"Karlsruhe, Deutschland",https://stackoverflow.com/jobs/284443
Backend Software Engineer - Python,Hubs,"Amsterdam, Netherlands",https://stackoverflow.com/jobs/543394
Python Data Engineer,Tech City Labs,"Reading, UK",https://stackoverflow.com/jobs/566099
"Senior Software Engineer, Python",Chaturbate,"San Francisco, CA",https://stackoverflow.com/jobs/566183
Python Engineer,McD Tech Labs,"Mountain View, CA",https://stackoverflow.com/jobs/534766
Senior Backend Engineer (Python/Django) (m/f/d),Motius GmbH,"Belgrad, Serbien",https://stackoverflow.com/jobs/566601
Fullstack Engineer II (Python/Django/React),StyleSeat,No office location,https://stackoverflow.com/jobs/554278
Python Developer (Remote),X-Team,No office location,https://stackoverflow.com/jobs/534454
Python/Django Developer (m/f/d),social sweethearts® GmbH,No office location,https://stackoverflow.com/jobs/566797
Python Software Engineer - International growing scale-up!,Channable,"Utrecht, Netherlands",https://stackoverflow.com/jobs/265091
Python Entwickler*in Remote (f/m/d),Ambient,"Köln, Deutschland",https://stackoverflow.com/jobs/493874
Python Engineer for Climate Change - Budapest,MSCI,"Budapest, Hungary",https://stackoverflow.com/jobs/566493
"Tech Lead, Python Systems Engineering",McD Tech Labs,"Mountain View, CA",https://stackoverflow.com/jobs/523801
Python/Django Developer (m/f/d) - Remote,social sweethearts® GmbH,No office location,https://stackoverflow.com/jobs/566798
Senior Software Developer Python (m/f/d),Ströer Online Marketing,"Hamburg, Deutschland",https://stackoverflow.com/jobs/462625
Sr. Full Stack Engineer- Python,AutoTrader,"Toronto, ON, Canada",https://stackoverflow.com/jobs/529021
Python Engineer,Intel Corporation,"Gdańsk, Poland",https://stackoverflow.com/jobs/529943
"Full Stack Developer - Python, Postgres, Vue.js / React (m/f/d)",JobNinja GmbH,"München, Deutschland",https://stackoverflow.com/jobs/566788
Senior Full Stack Engineer (Python/JavaScript),Night Market,No office location,https://stackoverflow.com/jobs/566448
Python-Entwickler (w/m/d),parcIT GmbH,"Köln, Germany",https://stackoverflow.com/jobs/566326
"Data Engineer (Python, ETL)",Finsera,No office location,https://stackoverflow.com/jobs/536631
"Senior Software Engineer, Python",Chaturbate,"San Francisco, CA",https://stackoverflow.com/jobs/566183
Backend Engineering Manager (Python) - Spekit - High Growth Series A Startup,SpekitviaSource Coders,No office location,https://stackoverflow.com/jobs/566634
Software Developer (Python),Picnic,"Amsterdam, Netherlands",https://stackoverflow.com/jobs/292346
Python Developer suchen Kollegen (m/w/d),solute GmbH,"Karlsruhe, Deutschland",https://stackoverflow.com/jobs/284443
Python Software Engineer,Captivation Software,"Fort Meade, MD",https://stackoverflow.com/jobs/525426
Backend Software Engineer - Python,Hubs,"Amsterdam, Netherlands",https://stackoverflow.com/jobs/543394
Python Data Engineer,Tech City Labs,"Reading, UK",https://stackoverflow.com/jobs/566099
Python Engineer,McD Tech Labs,"Mountain View, CA",https://stackoverflow.com/jobs/534766
Senior Backend Engineer (Python/Django) (m/f/d),Motius GmbH,"Belgrad, Serbien",https://stackoverflow.com/jobs/566601
Fullstack Engineer II (Python/Django/React),StyleSeat,No office location,https://stackoverflow.com/jobs/554278
Python/Django Developer (m/f/d),social sweethearts® GmbH,No office location,https://stackoverflow.com/jobs/566797
Python Entwickler*in Remote (f/m/d),Ambient,"Köln, Deutschland",https://stackoverflow.com/jobs/493874
Python Software Engineer - International growing scale-up!,Channable,"Utrecht, Netherlands",https://stackoverflow.com/jobs/265091
Python Developer (Remote),Finsera,No office location,https://stackoverflow.com/jobs/524065
Python Engineer for Climate Change - Budapest,MSCI,"Budapest, Hungary",https://stackoverflow.com/jobs/566493
Python Developer (Remote),X-Team,No office location,https://stackoverflow.com/jobs/534454
"Tech Lead, Python Systems Engineering",McD Tech Labs,"Mountain View, CA",https://stackoverflow.com/jobs/523801
Python/Django Developer (m/f/d) - Remote,social sweethearts® GmbH,No office location,https://stackoverflow.com/jobs/566798
Sr. Full Stack Engineer- Python,AutoTrader,"Toronto, ON, Canada",https://stackoverflow.com/jobs/529021
Senior Software Developer Python (m/f/d),Ströer Online Marketing,"Hamburg, Deutschland",https://stackoverflow.com/jobs/462625
Python Engineer,Intel Corporation,"Gdańsk, Poland",https://stackoverflow.com/jobs/529943
"Full Stack Developer - Python, Postgres, Vue.js / React (m/f/d)",JobNinja GmbH,"München, Deutschland",https://stackoverflow.com/jobs/566788
"Data Engineer (Python, ETL)",Finsera,No office location,https://stackoverflow.com/jobs/536631
Python-Entwickler (w/m/d),parcIT GmbH,"Köln, Germany",https://stackoverflow.com/jobs/566326
Software Engineer (Python AWS),Wizeline,"Phường 12 (Quận 10), Vietnam",https://stackoverflow.com/jobs/487852
Python/Django Developer (m/f/d) - Remote,social sweethearts® GmbH,No office location,https://stackoverflow.com/jobs/566798
Backend Engineering Manager (Python) - Spekit - High Growth Series A Startup,SpekitviaSource Coders,No office location,https://stackoverflow.com/jobs/566634
Python Software Engineer,Captivation Software,"Fort Meade, MD",https://stackoverflow.com/jobs/525426
Software Developer (Python),Picnic,"Amsterdam, Netherlands",https://stackoverflow.com/jobs/292346
Python Developer suchen Kollegen (m/w/d),solute GmbH,"Karlsruhe, Deutschland",https://stackoverflow.com/jobs/284443
Backend Software Engineer - Python,Hubs,"Amsterdam, Netherlands",https://stackoverflow.com/jobs/543394
Python Data Engineer,Tech City Labs,"Reading, UK",https://stackoverflow.com/jobs/566099
"Senior Software Engineer, Python",Chaturbate,"San Francisco, CA",https://stackoverflow.com/jobs/566183
Senior Backend Engineer (Python/Django) (m/f/d),Motius GmbH,"Belgrad, Serbien",https://stackoverflow.com/jobs/566601
Python Engineer,McD Tech Labs,"Mountain View, CA",https://stackoverflow.com/jobs/534766
Python/Django Developer (m/f/d),social sweethearts® GmbH,No office location,https://stackoverflow.com/jobs/566797
Fullstack Engineer II (Python/Django/React),StyleSeat,No office location,https://stackoverflow.com/jobs/554278
Python Software Engineer - International growing scale-up!,Channable,"Utrecht, Netherlands",https://stackoverflow.com/jobs/265091
Python Entwickler*in Remote (f/m/d),Ambient,"Köln, Deutschland",https://stackoverflow.com/jobs/493874
Python Developer (Remote),X-Team,No office location,https://stackoverflow.com/jobs/534454
Python Engineer for Climate Change - Budapest,MSCI,"Budapest, Hungary",https://stackoverflow.com/jobs/566493
"Tech Lead, Python Systems Engineering",McD Tech Labs,"Mountain View, CA",https://stackoverflow.com/jobs/523801
Python Developer (Remote),Finsera,No office location,https://stackoverflow.com/jobs/524065
Senior Software Developer Python (m/f/d),Ströer Online Marketing,"Hamburg, Deutschland",https://stackoverflow.com/jobs/462625
Sr. Full Stack Engineer- Python,AutoTrader,"Toronto, ON, Canada",https://stackoverflow.com/jobs/529021
Python Engineer,Intel Corporation,"Gdańsk, Poland",https://stackoverflow.com/jobs/529943
"Full Stack Developer - Python, Postgres, Vue.js / React (m/f/d)",JobNinja GmbH,"München, Deutschland",https://stackoverflow.com/jobs/566788
Python-Entwickler (w/m/d),parcIT GmbH,"Köln, Germany",https://stackoverflow.com/jobs/566326
"Data Engineer (Python, ETL)",Finsera,No office location,https://stackoverflow.com/jobs/536631
Software Engineer (Python AWS),Wizeline,"Phường 12 (Quận 10), Vietnam",https://stackoverflow.com/jobs/487852
Python Developer (Remote),Finsera,No office location,https://stackoverflow.com/jobs/524065
Backend Engineering Manager (Python) - Spekit - High Growth Series A Startup,SpekitviaSource Coders,No office location,https://stackoverflow.com/jobs/566634
Python Software Engineer,Captivation Software,"Fort Meade, MD",https://stackoverflow.com/jobs/525426
Software Developer (Python),Picnic,"Amsterdam, Netherlands",https://stackoverflow.com/jobs/292346
Python Developer suchen Kollegen (m/w/d),solute GmbH,"Karlsruhe, Deutschland",https://stackoverflow.com/jobs/284443
Backend Software Engineer - Python,Hubs,"Amsterdam, Netherlands",https://stackoverflow.com/jobs/543394
Python Data Engineer,Tech City Labs,"Reading, UK",https://stackoverflow.com/jobs/566099
"Senior Software Engineer, Python",Chaturbate,"San Francisco, CA",https://stackoverflow.com/jobs/566183
Python Engineer,McD Tech Labs,"Mountain View, CA",https://stackoverflow.com/jobs/534766
Senior Backend Engineer (Python/Django) (m/f/d),Motius GmbH,"Belgrad, Serbien",https://stackoverflow.com/jobs/566601
Fullstack Engineer II (Python/Django/React),StyleSeat,No office location,https://stackoverflow.com/jobs/554278
Python Developer (Remote),X-Team,No office location,https://stackoverflow.com/jobs/534454
Python/Django Developer (m/f/d),social sweethearts® GmbH,No office location,https://stackoverflow.com/jobs/566797
Python Software Engineer - International growing scale-up!,Channable,"Utrecht, Netherlands",https://stackoverflow.com/jobs/265091
Python Entwickler*in Remote (f/m/d),Ambient,"Köln, Deutschland",https://stackoverflow.com/jobs/493874
"Tech Lead, Python Systems Engineering",McD Tech Labs,"Mountain View, CA",https://stackoverflow.com/jobs/523801
Python/Django Developer (m/f/d) - Remote,social sweethearts® GmbH,No office location,https://stackoverflow.com/jobs/566798
Python Engineer for Climate Change - Budapest,MSCI,"Budapest, Hungary",https://stackoverflow.com/jobs/566493
Senior Software Developer Python (m/f/d),Ströer Online Marketing,"Hamburg, Deutschland",https://stackoverflow.com/jobs/462625
Sr. Full Stack Engineer- Python,AutoTrader,"Toronto, ON, Canada",https://stackoverflow.com/jobs/529021
Python Engineer,Intel Corporation,"Gdańsk, Poland",https://stackoverflow.com/jobs/529943
"Full Stack Developer - Python, Postgres, Vue.js / React (m/f/d)",JobNinja GmbH,"München, Deutschland",https://stackoverflow.com/jobs/566788
Senior Full Stack Engineer (Python/JavaScript),Night Market,No office location,https://stackoverflow.com/jobs/566448
Python-Entwickler (w/m/d),parcIT GmbH,"Köln, Germany",https://stackoverflow.com/jobs/566326
"Data Engineer (Python, ETL)",Finsera,No office location,https://stackoverflow.com/jobs/536631
Python Software Engineer - International growing scale-up!,Channable,"Utrecht, Netherlands",https://stackoverflow.com/jobs/265091
Backend Engineering Manager (Python) - Spekit - High Growth Series A Startup,SpekitviaSource Coders,No office location,https://stackoverflow.com/jobs/566634
Software Developer (Python),Picnic,"Amsterdam, Netherlands",https://stackoverflow.com/jobs/292346
Python Software Engineer,Captivation Software,"Fort Meade, MD",https://stackoverflow.com/jobs/525426
Python Developer suchen Kollegen (m/w/d),solute GmbH,"Karlsruhe, Deutschland",https://stackoverflow.com/jobs/284443
Backend Software Engineer - Python,Hubs,"Amsterdam, Netherlands",https://stackoverflow.com/jobs/543394
Python Data Engineer,Tech City Labs,"Reading, UK",https://stackoverflow.com/jobs/566099
"Senior Software Engineer, Python",Chaturbate,"San Francisco, CA",https://stackoverflow.com/jobs/566183
Senior Backend Engineer (Python/Django) (m/f/d),Motius GmbH,"Belgrad, Serbien",https://stackoverflow.com/jobs/566601
Python Engineer,McD Tech Labs,"Mountain View, CA",https://stackoverflow.com/jobs/534766
Python/Django Developer (m/f/d),social sweethearts® GmbH,No office location,https://stackoverflow.com/jobs/566797
Fullstack Engineer II (Python/Django/React),StyleSeat,No office location,https://stackoverflow.com/jobs/554278
Python Entwickler*in Remote (f/m/d),Ambient,"Köln, Deutschland",https://stackoverflow.com/jobs/493874
Python Developer (Remote),Finsera,No office location,https://stackoverflow.com/jobs/524065
Python Engineer for Climate Change - Budapest,MSCI,"Budapest, Hungary",https://stackoverflow.com/jobs/566493
Python Developer (Remote),X-Team,No office location,https://stackoverflow.com/jobs/534454
"Tech Lead, Python Systems Engineering",McD Tech Labs,"Mountain View, CA",https://stackoverflow.com/jobs/523801
Python/Django Developer (m/f/d) - Remote,social sweethearts® GmbH,No office location,https://stackoverflow.com/jobs/566798
Sr. Full Stack Engineer- Python,AutoTrader,"Toronto, ON, Canada",https://stackoverflow.com/jobs/529021
Senior Software Developer Python (m/f/d),Ströer Online Marketing,"Hamburg, Deutschland",https://stackoverflow.com/jobs/462625
Python Engineer,Intel Corporation,"Gdańsk, Poland",https://stackoverflow.com/jobs/529943
"Full Stack Developer - Python, Postgres, Vue.js / React (m/f/d)",JobNinja GmbH,"München, Deutschland",https://stackoverflow.com/jobs/566788
"Data Engineer (Python, ETL)",Finsera,No office location,https://stackoverflow.com/jobs/536631
Python-Entwickler (w/m/d),parcIT GmbH,"Köln, Germany",https://stackoverflow.com/jobs/566326
Software Engineer (Python AWS),Wizeline,"Phường 12 (Quận 10), Vietnam",https://stackoverflow.com/jobs/487852
"Data Engineer (Python, ETL)",Finsera,No office location,https://stackoverflow.com/jobs/536631
Backend Engineering Manager (Python) - Spekit - High Growth Series A Startup,SpekitviaSource Coders,No office location,https://stackoverflow.com/jobs/566634
Software Developer (Python),Picnic,"Amsterdam, Netherlands",https://stackoverflow.com/jobs/292346
Python Developer suchen Kollegen (m/w/d),solute GmbH,"Karlsruhe, Deutschland",https://stackoverflow.com/jobs/284443
Python Software Engineer,Captivation Software,"Fort Meade, MD",https://stackoverflow.com/jobs/525426
Backend Software Engineer - Python,Hubs,"Amsterdam, Netherlands",https://stackoverflow.com/jobs/543394
Python Data Engineer,Tech City Labs,"Reading, UK",https://stackoverflow.com/jobs/566099
"Senior Software Engineer, Python",Chaturbate,"San Francisco, CA",https://stackoverflow.com/jobs/566183
Senior Backend Engineer (Python/Django) (m/f/d),Motius GmbH,"Belgrad, Serbien",https://stackoverflow.com/jobs/566601
Python Engineer,McD Tech Labs,"Mountain View, CA",https://stackoverflow.com/jobs/534766
Fullstack Engineer II (Python/Django/React),StyleSeat,No office location,https://stackoverflow.com/jobs/554278
Python/Django Developer (m/f/d),social sweethearts® GmbH,No office location,https://stackoverflow.com/jobs/566797
Python Software Engineer - International growing scale-up!,Channable,"Utrecht, Netherlands",https://stackoverflow.com/jobs/265091
Python Entwickler*in Remote (f/m/d),Ambient,"Köln, Deutschland",https://stackoverflow.com/jobs/493874
"Tech Lead, Python Systems Engineering",McD Tech Labs,"Mountain View, CA",https://stackoverflow.com/jobs/523801
Python/Django Developer (m/f/d) - Remote,social sweethearts® GmbH,No office location,https://stackoverflow.com/jobs/566798
Python Developer (Remote),Finsera,No office location,https://stackoverflow.com/jobs/524065
Python Engineer for Climate Change - Budapest,MSCI,"Budapest, Hungary",https://stackoverflow.com/jobs/566493
Python Developer (Remote),X-Team,No office location,https://stackoverflow.com/jobs/534454
Sr. Full Stack Engineer- Python,AutoTrader,"Toronto, ON, Canada",https://stackoverflow.com/jobs/529021
Senior Software Developer Python (m/f/d),Ströer Online Marketing,"Hamburg, Deutschland",https://stackoverflow.com/jobs/462625
Python Engineer,Intel Corporation,"Gdańsk, Poland",https://stackoverflow.com/jobs/529943
"Full Stack Developer - Python, Postgres, Vue.js / React (m/f/d)",JobNinja GmbH,"München, Deutschland",https://stackoverflow.com/jobs/566788
Python-Entwickler (w/m/d),parcIT GmbH,"Köln, Germany",https://stackoverflow.com/jobs/566326
Software Engineer (Python AWS),Wizeline,"Phường 12 (Quận 10), Vietnam",https://stackoverflow.com/jobs/487852
Entry level Data Analyst/Python,Emonics,+1 locationRemote,https://www.indeed.com/viewjob?jk=4cfa6784c0676190
Python Developer,aplomb technologies,"Princeton, NJ 08540+2 locations",https://www.indeed.com/viewjob?jk=f4cf84f76a30584e
"Python API Developer - Contract, Full Time (Temporary), Part...",MTC,Remote,https://www.indeed.com/viewjob?jk=797614d88a68c8c2
AWS Cloud Computing Specialist + Apprentice,New Apprenticeship,"Remote in Richardson, TX 75082+3 locations",https://www.indeed.com/viewjob?jk=8f33522b32083865
Research Engineer I,Indeed,+44 locationsRemote,https://www.indeed.com/viewjob?jk=2d5b937552f23b06
Python Software Engineering Teaching Assistant (Part-Time),Hackbright Academy,+1 locationRemote,https://www.indeed.com/viewjob?jk=cc10e115d1ed386e
Entry Level/ Fresher Python Developer,HCL America Inc,"Mountain View, CA 94043",https://www.indeed.com/viewjob?jk=6f1fb9fe40cee862
Python Developer,Benedsoft,Remote,https://www.indeed.com/viewjob?jk=02399198b1d1a47a
Software Engineer I - SMB,Indeed,+126 locationsRemote,https://www.indeed.com/viewjob?jk=fdbe7bfbf245d0e4
Python Developer,workcog,+2 locationsRemote,https://www.indeed.com/viewjob?jk=f5c4e68e627c790c
Data Scientist with Python,Techladder,Remote,https://www.indeed.com/viewjob?jk=fdec2adc34de0374
Software Development Engineer,Amazon.com,"Santa Monica, CA+126 locations",https://www.indeed.com/viewjob?jk=bc686bf50fd73dc9
Python Developer,Triunity software Inc.,Remote,https://www.indeed.com/viewjob?jk=8a48ff6975ce93ce
Java / Python Developer,X2logicsstaffingsolution,"Cupertino, CA",https://www.indeed.com/viewjob?jk=169ec995aeafb0eb
Python Developer,Conway Inc,Remote,https://www.indeed.com/viewjob?jk=5594b6d806f7ed72
Entry Level - Associate Technical Consultant (Federal),IBM,West Virginia+20 locations,https://www.indeed.com/viewjob?jk=2748f5d48a574f40
Data Center Technician,Google,"Moncks Corner, SC 29461",https://www.indeed.com/viewjob?jk=f691c82257044ed3
Python Developer,NomiSo,"Englewood, CO",https://www.indeed.com/viewjob?jk=d72bc99150b9f8a3
Bioinformatician,UT Southwestern Medical Center,+1 locationRemote,https://www.indeed.com/viewjob?jk=dc9c2c6c951b5caf
Applied Biomechanics Researcher,Apple,"Cupertino, CA",https://www.indeed.com/viewjob?jk=5c9b745bffb4a654
Python Developer,Infinizi IT Solutions Pvt. Ltd.,Remote,https://www.indeed.com/viewjob?jk=3292b77db36a2b3b
Python Developer,Akki Solutions,Remote,https://www.indeed.com/viewjob?jk=ebead487b4ac5374
Hacker Apprentice,IBM,"Austin, TX 73301 (St Edwards area)",https://www.indeed.com/viewjob?jk=85d674f530bcb7b6
Data Analyst + Apprentice (Entry-Level),New Apprenticeship,"Raleigh, NC 27617 (Northwest Raleigh area)+5 locations",https://www.indeed.com/viewjob?jk=ca93b28c78869a44
Python Developer,InMotion Software,Remote,https://www.indeed.com/viewjob?jk=367e8fff16113f5a
Python Security Developer,RxCloud,Remote,https://www.indeed.com/viewjob?jk=5bb45165d22df566
Support Opportunities,RStudio,"Remote in Seattle, WA",https://www.indeed.com/viewjob?jk=2c26339484d5141f
Python/SQL Programmer - Remote,Business Focus Inc.,"Remote in Providence, RI 02908",https://www.indeed.com/viewjob?jk=a82a3c7dcc8c9ae7
GIS Developer,All Points Broadband,Hybrid remote,https://www.indeed.com/viewjob?jk=6930fad8a73211ea
"Business Analyst, Creator Business Analysis",Spotify,"Remote in New York, NY+1 location",https://www.indeed.com/viewjob?jk=4c98565cdb8e52c4
Python Developer,"PEN Software, Inc.","Englewood, CO 80112",https://www.indeed.com/viewjob?jk=919967029dfd444f
Junior Software Engineer,"Utilidata, Inc.",+4 locationsRemote,https://www.indeed.com/viewjob?jk=8b546426304a0d0f
Python Developer,Galon Solution Inc,Remote,https://www.indeed.com/viewjob?jk=49bf1b1cbbbcd796
Software Engineer,Tamaki Control,Remote,https://www.indeed.com/viewjob?jk=a4f0fd0a37f1afe4
Python Developer (Onsite),Candid 8,"Englewood, CO",https://www.indeed.com/viewjob?jk=2843f01b55b12441
"Backend engineer (remote, Python/Postgres/AWS)",Gridium Inc.,Remote,https://www.indeed.com/viewjob?jk=295721d5ecaa7e4b
Entry Level Software Engineer,Avant,+2 locationsRemote,https://www.indeed.com/viewjob?jk=e5442252614bd9d9
Looker Developer (Fully Remote),Adorama,Remote,https://www.indeed.com/viewjob?jk=2413192f0c1dc226
Sr. Python Developer,Now100 Inc,Remote,https://www.indeed.com/viewjob?jk=0c20443619848df0
Python Developer,AK Information Technology,Remote,https://www.indeed.com/viewjob?jk=8817c4753e4f4be7
Python Developer,Tech Mahindra,Remote,https://www.indeed.com/viewjob?jk=cb111d3f90648f15
"Geographic Information Systems Specialist, Geo Data Operatio...",Google,"Hybrid remote in Mountain View, CA",https://www.indeed.com/viewjob?jk=372e5da1fa8745fb
"Data Analyst, University Graduate - 2022 Start",TikTok,"Mountain View, CA 94041 (Old Mountain View area)+18 locations",https://www.indeed.com/viewjob?jk=9ad119417b53fe9d
Python Backend Developer,Agile Engine,Remote,https://www.indeed.com/viewjob?jk=1595c4f03602b6b7
Python Developer,NorthCrag,"Sunnyvale, CA+1 location",https://www.indeed.com/viewjob?jk=df784711fc7d517e
"Data Scientist, Spotify Advertising",Spotify,Remote in Oregon+17 locations,https://www.indeed.com/viewjob?jk=cf1dfad66649138a
Data Analyst: Technical Business Intelligence,Barstool Sports,Remote in United States,https://www.indeed.com/viewjob?jk=1b69b56cac09ab1d
Software Development Engineer in Test,PlayStation Global,"San Francisco, CA+14 locations",https://www.indeed.com/viewjob?jk=e42474689a8b555e
Python Developer,Adientone,Remote,https://www.indeed.com/viewjob?jk=e10542ec08dbdf70
Python Software Engineer,"Gavant Software, Inc.",Remote,https://www.indeed.com/viewjob?jk=2b4be285185d685c
